text,label
Janice is the first Cady. She was burned by Regina’s antics and fought fire with fire.,Hot_Take
"Janis not the ""villain"" but she's also a mean girl in her own way. A less successful mean girl. She manipulated a new student to do her bidding, got this friend to cause Regina physical harm (weight gain, which she now might struggle with forever) and all that. She also told Cady not to join Mathletes as ""social suicide"" showing that she plays by the same social rules as Regina.",Condemnation
i feel like cady was both the protagonist and antagonist,Hot_Take
"Agreed - she totally used Cady and took advantage of her naivety as revenge on Regina. That being said, I liked how she was one of the first people to make Cady feel welcome at school - initiating conversations, drawing Cady a map and including Cady in one of her paintings (which ended up being Cady’s consolation prize).",Mixed
I will always like Janis. She was the only one brave enough to stand up to Regina.,Defense
I mean Janis is one of the villains/mean girls. They all are in some type of way. Using Cady in the begging for her revenge was weird and trying to sabotage Regina make her a mean girl herself.,Condemnation
Gretchen is the real villain.,Hot_Take
"I would say all Janis’s actions are a response to someone else’s actions, whether past or present. She never actively bullied anyone during the film “just because”, like how Regina did. Even when she publicly humiliated Regina, it was because Regina insulted her right beforehand (saying that her dream is to fall on a pile of girls) - she didn’t go up on stage to actively humiliate her.",Defense
"YES! Janis's an antagonist, sure. She has justified reasons to be angry. She goes about it the wrong way. The movie doesn’t hold her as accountable for her misdeeds the way it does for others and it’s a valid criticism. She’s NOT “the real villain.” She definitely has a toxic “it’s okay if I’m mean because I was hurt/abused, so anything I do is justified retribution” mindset that IS unhealthy AND ultimately disproven. Cady even says “ruining Regina George’s life didn’t make me any happier.”",Mixed
"Essentially all of the girls are the villains, that’s what the movie is about, that’s why Janis full on admits to it and says “at least Regina and I know we’re mean.” Yes Regina ruined Janis’s life, but Janis was the one who got Cady involved in her revenge plot. Cady wasn’t originally going to join the plastic group, Janis encouraged her to. Yes she asked Cady to go to her art exhibit, because she had more to her life than just ruining Regina’s life, she had her own hobbies and did see Cady as her friend, but that doesn’t mean she was done or no longer cared about the plot, she was just prioritizing a night for an event and hobby she loved. In the trust fall she literally doubled down on the plot and rubbed it in Regina’s face, although Regina deserved it. Granted Janis was also the first to realize she fucked up and I think was originally going to apologize to Cady during the trust fall scene when Cady walked away from the front and Janis watched her and ran up and got on the table, but then Regina opened her mouth. But she still addressed Cady as her friend in that, showing she is taking some of the accountability of what happened between them.",Mixed
Regina's evil but fabulous.,Hot_Take
"The same reason people love Madonna, Beyoncé, Lady Gaga, or any other diva. Femininity is so often portrayed as being down-to-earth, sweet, gentle, mothering, girl-next-door. That’s the standard that most women are expected to meet. We need to be soft and small and submissive because men are strong and aggressive. And if a piece of media attempts to showcase a woman in a different way, they have them be more masculine. They shit on women and femininity and act like men because men are superior. It’s nice to see a presentation of femininity that is domineering and glamorous. I don’t think anyone who loves Regina does so because they think she’d be a good friend. But she’s represents a spectrum of femininity and girlhood that we don’t get to see often. She’s a diva and she gets what she wants and she’s unapologetic about it.",Defense
"Regina has charisma level 10,000. She's also a rather fascinating antagonist.",Hot_Take
"Okay, I'll explain 1: In my opinion Cady was a bit meaner to Regina. Like she did all of that just for a man 2: She is an everlasting ICON 3: She was literally the best mean girl",Hot_Take
"I think it’s not about her personality, but the way Regina’s written. She is quite interseting as a character and people focus on her advantages like her good fashion sense, and funny one-liners",Defense
"Regina, she's so mean, but SO hot!",Hot_Take
I Prefer Regina. She is Blonde and Her Actress the original 2004 movie is Canadian. (I'm Canadian BTW),Hot_Take
"THIS. I hate hate HATE when movies take the mean person and give them that “change of heart” nonsense towards the end because life is rainbows and sunshine’s and we all get along. It’s annoying and very unrealistic. I LOVED her consistency with her ways and structure, never bending it for ANYONE. She was still bitchy at the end, never apologized, took credit for things she shouldn’t have been able to take credit for, and didn’t get in trouble for her actions. Sure she was injured and SLIGHTLY humbled, but even then she wasn’t all “ok let’s be best buddies now and kiss and sing campfire songs in a circle”. SHE WAS STILL THE SAME WAY LIKE SHE WAS IN THE BEGINNING. I love her character design.",Defense
I HATE when ppl say that cady is innocent bcs shes not at ALL. Shes way more mean and calculated than regina and she envied her from the start and wanted to take her down. Why do cady apologists even exist?? Why cant they see this? I hope they befriend a girl like cady irl lol,Condemnation
Regina. She is an ICON,Hot_Take
"Hot take, Janis is the true bad guy and Regina is just a bitch.",Hot_Take
Janis is clingy and annoying and obsessed with cady and regina but when cady became plastic she blamed it on cady and not herself.,Condemnation
"Aaron and Cady shouldn't have ended up together, he doesn't deserve her",Hot_Take
i hate regina and candy,Hot_Take
Honestly. Cady should’ve dropped Janis after she fell into her trap.,Hot_Take
Cady is the most boring and personality-less character through the entire movie,Hot_Take
"Honestly, I feel like Cadys mom is the worst character in the movie. Her parents just drop her into public school and hope she stays the sweet, innocent girl she was. They dont give her any guidance or advice whatsoever, not even a cliched ""stay away from (insert group of teenagers they consider 'bad')"". When Cady comes back from her first day and is clearly not happy, neither of them go to check on her and ask her whats wrong, how they can help, nothing. they just look at each other and continue their day. The second day, she gives them vague and confusing answers: do they ask for elaboration? NOPE! They arent involved in her life at all, which makes it preschool-level easy to lie to them. At the talent show, its very obvious Cady has changed and what kind of girls shes with, and judging from their reaction to their dance, they didnt approve. Do they sit her down and have a conversation about sexuality, friends, boys, anything? NOPE. They just let it go! They dont even ask her ab grades bc they dont even know shes failing Math until near the end of the movie. And clearly, they didnt bother to pick up a parenting book or ask for guidance on parenting a teen in the US from any friends/family, or even communicate with each other because the father has no clue what grounding means. So the hostility from the mother after everything happens is, imo, completely unjustified. Cady isnt a baby, and she had to take responsibility for her actions. But at the same time, she is still an impressionable minor that has no guidance from her parents into a completely new environment. She had to learn about it on her own. The father at least acknowledged it somewhat saying they mainstreamed her too soon. When the mother realizes her change, its when she doesnt care about the stupid pots under the cabinets— like, really girl?? You only realize she changed NOW?! Where have you been all year?? Anyways... thats the end of my rant. Cadys mom isnt exactly a mean girl, but she isnt a good mom and that contributed to Cadys transformation into a mean girl. TL;DR: Cadys mom sucks.",Condemnation
"
My problem with Janis is not the fact that she wanted a form of revenge on Regina my problem with her is using a girl who was homeschooled who just wanted friends and then getting pissed when her plan backfires and not facing consequences for her actions in the movie",Condemnation
"Janis is far from being the villain but I do think she was a bad friend to Cady. She knew Cady was very naive about American Mean Girl culture and sent her off to falsely befriend the plastics anyway. She and Regina had an equal hand in turning Cady into the Plastic Monster, but Janis got framed as the victim once Cady leaned into the plastic personality. I always felt like Cady was right to apologize for ditching the art show but Janis and Damien should have also apologized for peer pressuring her into joining the plastics for that Wednesday lunch in the first place. They punished her way too much for getting carried away with their idea.",Condemnation
"I feel like they make out Cady to be the meanest, but I would have the hardest time being friends with Janis. Maybe I just wouldn’t vibe with the rough exterior, but she’s really abrasive in the way she speaks to others. Plus the whole Revenge Party song would be really concerning if she was a person irl",Condemnation
"Karen is my least favorite main character. She seems so flat compared to the other girls. I'd hate them IRL,but this is fiction. Therefore,I can gush about horrible people. ",Condemnation
"
Janis seem like the coolest chick there to me. I loved her confidence & how she didn’t give a fuck about what ppl thought about her other than that preteen grudge against Regina",Defense
"Regina. She’s such a complex character. With all that she’s done, I’d hate her, but she’s a character I can sympathize with because I have a feeling she always struggled with her body and self image. Of course that doesn’t excuse any of the shit she did, but it’s really hard for me to hate Regina.",Mixed
"Gretchen Wieners is my fav, but I'm biased towards anything Lacey does. She's one of my fav actresses. Karen is probably my second fav. Both of them are fun minions and not really evil, just attractive screw ups that Regina takes advantage of. Kind of like team rocket from pokemon.",Defense
"Damien and Janis are fun. I think I could talk Janis into healing, going to therapy and not stooping to Regina’s level. She was still hurting because her former best friend ruined her life.",Defense
"I would call Karen  mean long before I called her nice. Karen is too dim to say anything malicious without being prompted, but she’s also too dim to have any moral fortitude. She participates in the creation of the burn book, she laughs along with people when they are mean, she says rude things about Gretchen when she thinks she’s talking to Regina, she ditches Regina just because Gretchen tells her to. She’s not nice. This is just a really accurate (though extremely condensed and edited for the viewer’s comfort) way of showing how “mean cliques” work. Karen and Gretchen never need to be straight up mean, they just need to be dumb or servile enough to go along with what the actively mean girls are doing. Even Regina is rarely explicitly rude to anyone’s face. She wouldn’t be popular if she was. She also wouldn’t be intimidating if she didn’t have Karen and Gretchen (and Cady) backing her up. If she was a lone asshole, everyone would hate her. But her backhanded behavior backed up by “not mean” people like Karen sends a message, like “you’d better not fight back, everyone will laugh at you.”",Condemnation
Y'all keep missing the point of the movie. Neither Regina or Janis were the real villains of the movie. The real villain was patriarchy,Hot_Take
"Janis wasn’t the real villain but she was a MEAN GIRL. Just like Regina. And just like Cady morphed into. That was the point. When Cady first came to school it was pretty clear that she was just desperate to make friends. To not be eating lunch alone in the bathroom. Janis used that, manipulating her to enact revenge on Regina. It backfired of course and everyone is an asshole in the end. But I think the biggest reason people have a problem with Janis as a character is that she shows no growth. Unlike the others she never apologizes or acknowledges her shitty behavior. In her head, it’s somehow justified because of how Regina treated her.",Condemnation
"Same. Idk if it is because the 2024 movie is different from the 2004 movie? I only watched the 2004 one and would never agree that Janis is the ""real mean girl"". Janis is reactively mean, in fact, in my personal opinion, her meanness is justified. She is specifically just targeting her bully aka Regina. Bullies need to learn that there are consequences for their actions. Regina is proactively mean. She is a bully who is mean to everyone. So she'll always be ""the mean girl"" to me. I also disagree with the whole sentiment about cady being some innocent naive person that is completely used as a pawn by Janis or something... At least in the 2004 movie, Damien and Janis genuinely just wanted to befriend Cady. They were friendly to her even before the Plastics paid her any attention. The hatching of the revenge plot also only happened because of Regina's actions during the Halloween party. By then, it was BOTH Cady and Janis who wanted to get back at Regina then. And Regina also brought it upon herself for being mean in the first place. All of this discourse just feels like people are brushing off the fact that a lot of what happened all begun with Regina's mean actions. And it also gives off the vibes of, if other people are mean, please passively accept it to be nice, which absolutely should not be the takeaway.",Defense
"The whole thing with Janis was that she was a hypocrite. She said Cady wasn’t pretending at being plastic and a mean girl anymore. The truth is that Janis was potentially just as bad as Regina, which makes sense since she was friends with her in middle school, which is an impressionable age for kids. They learn a lot of habits in middle school from peers. Janis saw Cady as a tool to use and she took advantage of her to benefit herself. She was burned by Regina, yes, but that doesn’t make her any less of a mean girl herself. ",Condemnation
"I agree. I think the reason Janis was upset that Cady didn’t come to her art show is because it proved that Cady wasn’t her lapdog and under her control anymore, not because she expected that they were good friends. So, I personally would be upset if my friend told me she would be there and didn’t show, even if we had only just become friends - just to address what some people have said. However, that’s because I wouldn’t be trying to befriend and manipulate someone to get revenge through them.",Condemnation
Absolutely. She took advantage of Cady to live out her revenge fantasies and tried to act like a victim… why?? Because cady didn’t invite you to a party??,Condemnation
Janis is def a villain. She manipulates and uses Cady to get revenge on Regina. The entire time. The vibe from the start is she's targeting Cady to manipulate her.,Condemnation
Gretchen was the real mean girl. I will die on that hill.,Hot_Take
Regina George is flawless,Hot_Take
"Janis had no character arc at all. She never apologized to anyone. She still asked Cady if she was still an asshole or not. She should’ve apologized to Cady for pressuring her to be her spy to ruin another girl’s life. She should’ve also apologized to Regina for making the plan in the first place. Regina should’ve also in return apologized for the rumor.

",Condemnation
"
Regina is worse because she treated everyone like dirt (including her teachers). She even treated her own friends like dirt, and don’t get me started on Gretchen. And besides, her shoddy treatment of Janis caused the latter to be pulled out of school. So, I’d say Regina is worse than Janis!",Condemnation
"I think Janis is actually the meanest one. Well at least at the end. She had like no character arch. Every other character realized they were in the wrong and fixed their mistakes but Janis just waited for Cady to fix everything and never took responsibility for her mistakes. Also other commenters liked to mention that Janis never forced Cady to do anything and yes, that is true, what she used is peer pressure and that can be just as bad as forcing someone. She never explicitly forced her to do anything, but she used peer pressure on a new kid who has no experience with any school besides homeschooling in a whole other continent. I do agree that Regina was probably meaner for most of the movie and did horrible things to Janis but that doesn't justify her for peer pressuring the new kid who never had been to a school to be part of her middle school revenge. Regina did some horrible stuff but she at least had a character arch and figured out ways to help with her anger and became a better person. Janis just waited for someone else to say sorry for something when she did just as many bad things to that same person. Also, to add, another reason she is the meanest is because she literally turned Cady into a plastic for her revenge plan and then was shocked and mad at her when she started acting mean and, well, like the plastics. That just my opinion though, it's not necessary the 'correct' answer since there is none obv.",Condemnation
"
Janis. She’s always given me the ick. Like she has all the negative qualities of Regina, but none of the redeeming qualities of at least being funny. She’s just self absorbed, obsessed with revenge and psychotic. Gross.",Condemnation
"Yes I agree Janis definitely had a reason to be mean, it doesn't justify her doing what she did to Cady and the things she said. Also Regina probably had things that were going on too that made her mean. Like to point some stuff out, she had a mom that never told her no and didn't care what she did. She also struggles with insecurities about her weight and probably a lot of other things too. Like the plastics would literally make it in their routine to look at themselves in the mirror and talk about all the things they hate about themselves. Remember, people aren't mean for no reason, there always is something that makes them mean. Even Janis admits it that Regina used to have a 'heart'.",Mixed
"The way Janis tries to control who Cady hangs out with, and then Regina starts trying to rope Cady into their group and control her too. From the get-go, Janis is as bad as Regina is but she tries to paint Regina as the villain. They both have their own sets of “rules” and acceptable ways of acting. Truly, this movie is full of mean girls ",Mixed
"I don't think Janis is half as bad as Regina. Regina is mean for the sake of being mean. Yes, Janis is bitter over the past and very unfairly lashed out at Cady when she was hurt. But that is entirely different from hurting people for no reason. As someone stereotyped as the ""nice girl"" who got mistreated repeatedly, I can understand why Janice became ""mean"" to protect herself. I now rather stand up for myself and be seen as mean than some pushover ",Defense
Regina. I've always loved the villain character I don't know why but like I love the meanness and how she just could show everyone that she is boss.,Defense
"Regina is a reflection of how she is raised to compete with others for everything in her life.   That's not healthy.  She treats her friends like shit because they are not friends, they are her enemies.   The old saying, keep your friends close but your enemies closer.   She's gotten to the top by stepping on people, but once at the top, she has to maintain that level constantly so there is no off day of thinking about what she really wants.   It's about maintaining status all the time.   That's constant stress.  There is not one minute for herself.  What Regina gets is that this is what life outside of high school can be like for her.   It's about maintaining that 'perfect' image and holding onto the status that has been hard fought for.   Sadly, she already has the wealth and connections through family to get what she needs to be successful.  She's still a kid but acts like she's much older.  She's been sexualized too young as well.   I don't think writers actually understand the psychology of the 'mean' girl.   I remember sitting in a Starbucks a few years ago and across from me were two women who had brought their daughters with them.  The daughters had to be below the age of 11, possibly 9-10 range.  I usually don't pay attention to other people, but it was the convo between the girls that struck me.  They were talking about dieting and how they look.  I listened to the vapid convo the moms were having about their daughters.  This is how someone like Regina is raised.",Mixed
"Society pressure and environment affects everyone but not everyone decides to be a power hungry bully. As someone who has been where the victims of Regina has been, I have no sympathy for Regina. I see Regina as a humbling tale of bullying and less of a misunderstood antihero.",Condemnation
"Regina had a mother that didn't mother but rather tried to relive her teen years vicariously through her 15/16 year old daughter and in denial about her age and a weak spineless daddy who disapproves of how Regina dresses and acts (remember Regina's halloween costume scene and how sad he looked) and was probably brownbeaten his wife to ""leave Regina alone/shes just a teenager"" and he doesnt feel attracted to his wife anymore. Remember Greychen let it slip that Regina's parents dont sleep in the same bedroom anymore. Also recall how Regina was disgusted/embarrassed by her mother trying to act like a teenager in front of her friends. Regina has no stability at home and knows it. Also, deep down, she knows she cant go talk to her mother about anything, so sje have up a long time ago and realized now that the only person looking out for her is herself. At age 15/16. Regina's mother and Cady's mother would not get along because Cady's mother wpuld see a woman with mental health issues and would feel sorry for Regina but keep Cady away. A girl like Regina would be jealous of parents like Cady's. Gretchen's parents seem a bit more balanced based on how Gretchen acts but she feels insecure from somewhere. Regina has bad parents, plain and simple, and she has to male do with whats available bit cant handle rejection because her parents have already rejected her at home and she has to control EVERYTHING to feel secure. Look at Shane versus Aaron. Aaron had boundaries versis how Shane followed Regina around and just agreed with everything she said, like how her mom has with her dad. Also recalll when Rwgina lost control of her ""friend group"" and image and was confronted with the reality that she had no one yet again, she screamed and had a total meltdown because she was alone again, not because she wasnt getting her way.",Defense
Regina becoming a victim of her rules is how the Kardashians became victims of their own beauty trends,Hot_Take
"Well.. just because she's intelligent and entertaining, doesnt mean she was actually ""right"" in a general sense. she did have a few wake up calls toward other characters who act as if they're in a better position than she is (i.e Cady) which shows she isn't the only one with villainous tendencies, but she wasn't ""right"" at all for what she did just bc shes smart when it comes to building a social standing. Regina is a great, smart character but she's also a villain. They can coexist even if she isn't the only one. i usually like this channel's videos but i don't really get the revisionism of regina or other mean girl characters. they're just mean.",Mixed
I loved how Regina wasn't the only villian. The rest weren't any better,Hot_Take
I genuinely fucking despise cady. I just needed to get that off my chest,Hot_Take
Regina's character is a good representation of Machiavellianism.,Hot_Take
Regina is one of those people who only peaks in high school.,Hot_Take
Being smart and calculative doesnt justify the things she did and do. Im kind of tired of seeing people always uplift these kinds of people at the end of the day.  Just say you think shes hot and move on nothing will justify anything she did,Condemnation
"Regina is basically the FEMME FATALLE every girl dream to become! He self confidence and selfie is the main point about her. She sounds mean because she prioritizes herself and she is protecting herself since earlier years because her parents can’t parenthing. At the end I fell like she understands the value of people connection and friendship and she opens up more but she still the confident Queen B. I wish they made a movie just about her, I see her as a boss girl like Lucy Liu on Charlie Angels lab scene hahaha",Defense
"Regina George was never the villain of this movie, she's basically an antagonist, she's kinda of a victim of this entire thing. There i said it!",Hot_Take
"But the thing is are we saying that happiness is what Regina had at the end of the movie because objectively if you look at it from Regina‘s perspective, she was happy in the beginning of the movie so the entire movie is her being happy except that one little bump Where she got knocked over a little bit, but she stood right back up and owned it all again because Regina George understood one thing that most people don’t want to admit that everyone is a bit narcissistic. Everyone is looking out for themselves and what will get them a leg up Regina just saw it a lot sooner than most people do and used it to her advantage that doesn’t make her villain that makes her genius.",Defense
Regina saw Cady as threat from second 0,Hot_Take
regina being right isn’t a bad thing  she really isn’t so bad. the real villain was janis,Hot_Take
"It impresses me after all this time almost nobody talks about the gothic friend being the second villain of the movie. She is just another Regina (and the real villain in my opinion, she is jealous she cant be popular like Regina despite being exactly like her in personality. The gothic girl is the worse cause she is mean but pretends her bad behavior is just her being a good person doing justice, plus she gets mad too when the redhead girl Suppressed her control and status)",Condemnation
"regina wasn't the real bad one.She was quite ok in her life,but then cady came and totally stole regina's lifestyle she wanted to be regina.and regina did what anyone would do",Condemnation
So Regina is the average politician.,Hot_Take
We are all Regina George pretending to be Cady Heron,Hot_Take
Regina truly understood the way the world works and that power is the only way to get whatever you want. It's a lonely path but it's the only path that will give you the best results for you and she knew this. Reputation is everything and she made use of her privileges and skills to remain in her position.,Defense
"Regina was wrong. She was mean & cold to Janice.  She was reacting to Regina's betrayal by using Kady to ruin her life. However, Regina started the entire mess by starting a rumor that Janice was gay. More pervasive than that rumor was  Regina's rigid social ideology. This emboldened her behavior. Everybody was wrong in some form or fashion, but Regina was the catalyst for all the negativity the girls experienced.   It took Regina getting hit by a bus to start to change into a better person. Nice try, but I'm not falling for the villain is actually justified theory. Sometimes people are who they are until life forces them to see the error of their ways. Creating the opportunity to change and grow for the better.",Condemnation
"In my opinion, the character Regina George sounds like a snob who ruins people’s lives for her own selfish reasons and is also popular for the wrong reasons!",Condemnation
"Okay, but does anyone ship Regina and rodrick together??? (Rodrick from diary of a wimpy kid)",Hot_Take
"Regina was popular because she's truly naturally pretty. It's called pretty privilege. Others may rely more on makeup, hair and clothes and the chokehold is not as intense.",Defense
I never hated Regina. Everyone else was just jealous of her.,Hot_Take
"I feel sad for people like Gretchen, you can tell she's so insecure she needs others people's approval.",Hot_Take
"It blew my mind when I realized the 'mean girls' aren't just the Plastics... it's Janis and Cady, too! Like, who spends that much energy hating somebody and trying to sabotage them?! Like when we're younger, it feels natural to root for Janis since she's so relatable at the time and seems like an underdog, but in reality, all those girls are bitches, lol.",Condemnation
"I don't know if Cady really ""chose not to give in to peer pressure"" by the end. She was pressured into taking all the blame for the ""burn book"", she was pressured into joining the ""mathletes"" and she was basically dictated what her ""true self"" was. I think she did give in to the peer pressure, only from those, who she probably felt more comfortable to share her feelings with. But she was still just as acceptance-seeking as she was with the plastics - she was still worrying what others thought of her, she wasn't being herself.",Condemnation
I’ve always felt like Janis gets let off the hook too easy,Hot_Take
"ok if that is your opinion...but I will still stick to Regina being a dictator. Reason being is that she somehow misuses her power, manupilates her friends to become more popular, tries to steal the relationship between Cady and Aaron",Condemnation
Janis is a perfect example of how you can become what you hate when it consumes you.,Hot_Take
Janis was an annoying character for me. One that was all talk but barely any action. She pushed Cady to do her dirty work and treated her badly. The sneaky behavior makes her look worse than Regina even though Regina is a manipulative bitx.,Condemnation
"JAnd that's why I can not stand Janis at all, yeah Regina is a bitx but Janis is even worse on that aspect because she knows how to manipulate, is the worse kind of pearson you can get to meet, even she is mad at Cady because she kept going with what she started, is kinda bs and makes zero sense that Cady is the one who apologizes at the end.",Condemnation
"I disagree. Cady decided to get revenge on Regina when she kissed Aaron. Cady even did her own side quests from janis’ own plot to ruin Regina’s life. Cady was a mean girl herself without the help of janis or Regina.
",Condemnation
"Janis is the worst. She reminds me of some left-wing extremists. She's the same, even worst sometimes, than Regina. The only difference is that she believes she's good because of her so called moral",Condemnation
regina george is my roman empire,Hot_Take
Karen was honestly the pretty one..,Hot_Take
"Honestly, I feel like Gretchen and Karen aren't that bad on their own. I feel like if Regina wasn't around they wouldn't be bad, they would probably hang out with people who didnt pressure them to look nice and have rules.",Defense
"Why is nobody talking about how Janice manipulated Cady in to bringing Regina down? She wasn't even her friend, she just pushed her to hang out with Regina and then got mad when she started being influenced by her. And at the end, exposing Cady in front of everyone. I always thought Janice was toxic.",Condemnation
"The most interesting thing about someone like Regina George to me is how we can all collectively hate her and acknowledge her problematic oppressive power, but we actively glamorize her (Thank You Next by Ariana Grande), admire her, feel captivated by her, and remember her. I think that's so fascinating.",Defense
"I feel more like Janis Ian is the true villain of the story. She single-handedly brought down Regina and the Plastic s' regime by pretending to sympathise with Cady's feelings and using her as a pawn to get revenge for what happened to her in the eighth grade, which she even admits later in the movie.",Condemnation
"The thing that’s the most interesting to me about Regina’s character is that even though every other background character and supporting cast sees her as someone who has everything and has the perfect position in life, Regina is never actually portrayed as genuinely ‘happy’. She’s somewhat cavalier about her popularity when she’s not being catty, and the only scenes where she’s smiling are superficial moments, or when she feels powerful—but she’s never portrayed to be satisfied with her life, or even herself. She’s envied and admired by everyone, power and all, but she’s angry and miserable under the mask of superficial plastic.",Defense
"What is also interesting is that Regina was originally friends with Janice before. Many dictators started off as common people who were actually quite likeable, however they got corrupted by power, the same way Regina got corrupted when started disassociating herself from Janice.",Defense
"Another thing about Regina's manipulation and repression is how fast it is. She's always on top of things, and it never takes her more than a moment to come up with a plan - it only took seconds to call the girl from the mall's mom and tell her a lie, and she immediately runs home to write her own name in the Burn Book as soon as she finds out what Cady did. She's smart, swift, and ruthless in a way that's kind of terrifying.",Defense
"I always thought Regina was insanely smart. The burn book idea to throw Cady under the bus, (yes I know what I just did) was pretty smart.",Defense
"I love how you point out Regina was majorly responsible for her own downfall. Most people point fingers at Cady, and to certain extent, the mastermind Janis but Regina wouldn’t have fallen out of power had she not offended so many people, especially her 2 underlings Karen and Gretchen (who directly told her not to sit with them anymore while Cady just watched in silence)",Condemnation
"So Regina George was a psychopath. She’s manipulative, conceited, smart and is incapable of feeling remorse. All until she magically changed and turned into a normal girl.",Condemnation
"As an adult, I can relate to so many things Regina did. These tactics are rewarding in the cold blooded competitive world. And if at any point you feel yourself trembling, another person would be more than willing to quickly replace you and the world would forget your name. This is why power hunters go to such lengths of cruelty to stabilize themselves. ",Defense
"In the end it all comes down to charisma, she is the queen bee for a reason. She is the kind of person you know it's evil, but you can't help but admire. I actually like Regina more than I like Cady and Janis, at least she is unapologetically a mean girl. Also most people fail to realize how she is actually hurting herself, more than anybody else, she is not Cher from Clueless, her life isn't perfect and happy, she has a lot of pain and is deeply insecure, even about her body, that everybody else think is perfect, and she doesn't have any real friends, so she lashs out her misery to others in a passive agressive way, by giving fake compliments like: ""I love your skirt, where did you get it?"" even though she absolutely hated it, she is by far the most complex character, even more when you realize she could still be the queen bee, if she was nice to others, she is beautiful, smart and is a born leader. The thing about mean girls and jocks is, everybody wants to be and be like by them. Every guy would want to date Regina, this is human nature, we live by power and we crave popularity, even the ""oh my gosh I'm not like this"" do, and that's why so many rich and famous people fuck their lives, because once you are on the top of the world and it still feels like you have or is nothing, and there is no more steps to go up, they lose purpose.
",Defense
Regina George is the best female character of all time,Hot_Take
i think every high school has a regina,Hot_Take
"There's a part of me that feels sorry for Regina for everything she went through during the film. She was a manipulative queen bee who needed to be brought down a peg, but she definitely didn't deserve to have her body destroyed by being tricked into eating weight-gain bars.",Mixed
"Regina was a mean girl and a dictator, but I think it's because she didn't know any better. She never had been corrected or told 'no' by anyone, instead they all kissed her butt: the boys, the girls, her mother... It wasn't really her fault she ended up that way. That's why I like how in the ending Cady is merciful towards her and gives her a piece of the crown.",Defense
"What's funny about all these ""Janice is a villain"" comments is that not once does she claim to be a nice person. She's ultimately likeable because of her honesty, strong personality, sense of humor, and unique style. She was always A ""mean girl"" too. I just preferred her over Regina.",Defense
"Everyone calling Janice a villain is missing the HUMONGOUS event of Regina betraying her best friend and making her an outcast.  Have none of you gone through anything like this?  It's not something to just brush off.  Yes, Janice's methods went too far and she also succumbed to being a mean girl, but to call her a villain is just ludicrous.  She's a victim that wanted to fight dirty back.  She's not a hero, but she certainly isn't a villain.",Mixed
"honestly, the scene where Regina joins the Lacrosse team was the most memoriable scene to me when I first saw it. It showed that Regina wasn't just the dictator. She could exist outside of that role, become someone new. If the movie was a worse version of itself, Regina would have had a ""fallen from grace"" ending where she's fat and alone and miserable. She's not ""redeemed"". She's repurposed.",Defense
I wanna be her. Seriously.,Hot_Take
Janis is the ultimate mean girl!! Her plan was mean but smart! She SINGLE-HANDEDLY took down the “Plastics” manipulating Cady and using her for her own selfish revenge!! She threw her in the lion’s den and then Cady also became a lion! Did she expect Cady to not be influenced by the Plastics-the poular girls?? She says “it will be our little secret” but then exposes Cady at the end! SO TOXIC,Condemnation
"Agreed, except the part you guys call her evil, if she was true evil, she would never change for better but she changed and thats matters, this movie show how esiely followers can happen but also its important remember that anyone could be regina s place too, if same parental figure maybe.",Defense
I always thought regina was pretty ok compared to everyone else honestly (except for Karen I loved her) like  she was doing what she wanted and everyone took her way to seriously they should have been doing their own thing and it 100% wouldn't bother them so much maybe if they put the energy into making themselves better regina wouldn't be such a threat,Defense
And this is why Highschool is an effective preparation for citiziens to function in our society.,Hot_Take
"Ok so basically Regina is Caesar, and sharing the crown is democracy.",Hot_Take
"I think the mom actually was doing some good. When Katy asked if there was alcohol, the mom said she would rather she drink in the house. Cause she knows that, like her daughter, she might not listen. She tried to push Regina into the safer path - like when she walks in on them having sex. She asks if she wants a condom",Defense
Regina is an ENFJ. She understands the dark side of human nature and uses that to her advantage.,Defense
Unpopular opinion: Janice was the real villain in this movie,Hot_Take
Something that always bugged me about this movie is that Janice and Damian got on Cady for not being a true friend when they were the ones who were being bad friends. No good friends would influence someone to engage with someone as toxic as Regina George and the rest of her squad for that matter. Them telling Cady that she is a bad friend is very hypocritical in my opinion.,Condemnation
Janice was just as bad if not worse than Regina,Hot_Take
"So basically, she's an evil barbie.",Hot_Take
Janis is way cooler than Regina. Janis could kick Regina's ass any day :),Hot_Take
"yeah right yeah right, not really. Regina George is not a dictator!! She just gets all the focus, popularity, and attention because she so damn beautiful, filthy rich, and knows how to dress. She's just mean because she's tired of people all up in her business and talking about her all the time.",Defense
"I think Regina is still the best character, and I don't know why, but I hate Cady",Hot_Take
"To me, Cady and Janice were worse than Regina",Hot_Take
"Regina is just power hungry..she won't be satisfied by anything less..that's major red flag , for girl and guy as well.. and manipulation doesn't last long..",Condemnation
Regina George was the Hero,Hot_Take
"One thing I just realized about Mean Girls is that Regina uses manipulation to make people think she is better than them, but Janice uses manipulation so that they think she's ""one of them."" Throughout the movie, we see Regina tearing people down by making them feel ""less than."" When Janice confesses everything in the trust fall scene, she knows that Regina has said and done things to everyone there to make them feel like crap, so she knows that they'll all rejoice by confessing the lengths she's gone to to bring Regina down.  She makes them feel like she's just like them, but in fact, her and Regina are a lot alike; they're just using their manipulation skills differently.
",Condemnation
"I had a best friend that really resembled Janice and it took me years to realize how much she took advantage of me. Simple things like Janice mispronouncing Cady’s name shows a lack of respect for her wishes, which in turn could spill over into other areas. As much as Janice felt that she may have been helping Cady, she didn’t really give her a choice.",Condemnation
I think for girls there is a pressure to be more feminine but also be ‘not like other girls’ or else you will be boring. In mean girls Cady is pushed by Regina to be more feminine were as Janis pushes her to be less feminine and therefore more ‘unique’. You just can’t win,Defense
Janice gives off serious “not like other girls” energy,Hot_Take
I always knew that Janis was the secondary antagonist. she was almost worse then Regina in my mind cause she actually acted like a friend in the beginning and wouldn't admit that she was in the wrong for using someone.,Condemnation
"Thank you for analyzing my childhood!!! I met a ""Janis"" once in my life! she's that ""I'm not like the other barbies"". At first I thought she was a misunderstood unique girl just to later became her venting toy! When someone called Janis a cool hero, I'll have try so hard not to cringe. She is definitely a Mean Girl too.",Condemnation
"Okay, as awful as Regina is throughout the movie, her putting a stop to Jason sexually propositioning Cady in the cafeteria was an actual nice thing to do.",Defense
Janis honestly reminds me of one of the worst people I ever met. She pretend to be my friend and tried to gaslight me into disliking a genuinely nice person because she didn't like her.,Condemnation
"I think Janis is way worse because she really thinks she’s the victim (and she convinced others that she is). She was never held accountable & didn’t really change/improve, Regina did.",Condemnation
"Honestly, Janis is easily the worst, Regina is terrible but like Aaron says it's not like she's pretending to be innocent and with Cady she was very impressionable and got caught up in between Regina's glamour and Janis' hatred, but it was Janis who exploited Cady to actively hurt Regina, and by the end Cady feels really bad about everything and even takes the full fall for the book but Janis doesn't ever seem to acknowledge the part that she played in all of it, I mean, the reason Regina stormed out of the school was because Janis publically humiliated her and that's when the bus hit her.",Condemnation
I love the fact that Regina George's mother is so permissive but draws the line on serving alcohol (like when she was serving mocktails to Regina George and her friends in one scene),Defense
"I always felt bad for Regina. She couldn't trust anyone, even her 'friends'. She was kinda on her own while she was surrounded by people who claimed to love her. But, they were quick to reveal their true feelings, that they in fact hated her. I think she seen in Cady a person who was a clean slate. Someone who was innocent to school life. She had an opportunity to have a real friend there. But she never saw her as a threat. Not until it was too late. She let down her guard around one person. And Cady was that person. I'm not saying that she was a wholly good or bad person. But I feel sorry for her. She was truly alone, surrounded by people. Janis has at least one person who sticks by her side. Regina doesn't have anyone. And honestly, I don't think she likes herself all that much either. Just playing a little devil's advocate.",Defense
I always felt bad for Catie she was naive and manipulated for other people's agenda to become somebody she didn't recognize from earlier in her life.,Defense
"I’ll ride for Cady every time. She experiencing American teenage girl dynamics for the first time, gets manipulated by two sets of people right out the gate, and gravitates toward the one that makes her feel more powerful in a situation where she was quickly made to feel powerless. She’s still accountable for her behaviors, but she’s also more vulnerable in this situation than Janis or Regina, who both have more experience navigating this kind of social dynamic. Everyone manipulated her then acted like a victim when she fought back in the only way she could find. She was misguided, needed to see the alternative path to feeling in control of herself, and took that far less toxic approach to regaining control as soon as she saw it.",Mixed
Janice and Regina are generals of opposing armies.,Hot_Take
"Regina George would have definitely benefited from better friends. She surrounded herself with enablers and people she wanted to manipulate. No one ever just confronts Regina and says “Hey what is your problem?”. Maybe it’s just the Millennial/Gen Z in me, but confronting someone really goes a long way",Defense
"In journalism we have a term for people like Janice: power widow. They go denouncing their adversary  and telling how they have to be stop,  how the system is contaminated. And all that can be true, but you can not ignore the fact that this person never complained about these things until it lost his/her part of the power.",Condemnation
"I always hated Janice because she sent poor, innocent Cady into the lion's den with 0 preparation for how to handle it emotionally. Yes, Cady made her own choice, but Janice used her from start to finish. Pressuring her to skip class, pressuring her to take down Regina, getting mad at her when she falls into the trap of becoming what Janice made her, focusing on if Cady is pulling off the plan and never checking if she's okay? It's manipulation and using, not friendship. In some ways, Janice is worse than Regina. At least Regina is obviously mean from the start, Janice hides it behind her victimhood. I wouldn't want to be friends with either of them. The only person I like is the Cady we see when she first comes to the school before either of the mean girls gets their hands on her.",Mixed
"I will die on the hill that Janice is a worse person than Regina because she is at the core of why everything went to shit like it did. At the beginning she laughs at Cady's social awkwardness then bonds Cady to her via false friendship and when she sees Regina taking an interest in Cady does not hesitate to throw her into the lion's den with girls, she knows are going to be bad for her then pulls away the friendship she offered under false pretenses when Cady starts to fall into this role that Janice pushed her into.",Condemnation
Janice was definitely the meanest mean girl. She was friends with Regina for a reason they are 2 sides of the same coin. I’m glad they are calling her out. Regina is a mean girl who knows she’s a mean girl and wants to rule the school. Janice is a mean girl who hides behind the guise of I’m a nerd I’m approachable then she proceeds to create this vicious plan of destruction of Regina’s entire life. Instead of befriending Cady she just uses her. She is more dangerous than Regina cause she feels like her actions are 100% justified and she has to limits to what is ok to do.,Condemnation
I definitely thought of Janis as a second antagonist. It always made me mad that she set her up to do her bidding and then criticized her for it when it didn't suit her. And she never gets justice for it.,Condemnation
"Also, notice how Janice has no problem telling off people when they’re wrong but the minute she’s called out she imminently pushes blame to the other person. The car scene, despite Janice manipulating Cady into “being plastic” to get revenge and leading her down this path, rather then realizing she had a bigger part to play in this she imminently continues to shift all the blame onto her. It seems to be a way for her to avoid feeling guilty for what she did. So long as the other person hurt her too, she can call their bluff without revealing the hand she played too. Yes Cady is still in the wrong, but Janice isn’t exactly a good person either",Mixed
Janice is a QUEEN,Hot_Take
"i completely agree that janis was also an antagonist and her using cady to get back at regina was a shitty thing to do, but i’ve seen people say that she was WORSE than regina, which i don’t agree with at all. regina was still more toxic because we can see that she has victimized literally everyone in the school, even the teachers. she was just meddling in everyone’s lives just to uphold her status as the queen bee and i guess, for her own entertainment. while janis was manipulating cady, i don’t think she was being as much of a widespread menace as regina.",Mixed
i fear regina. she could destroy thanos instantly and permanently without even having to look at him.,Hot_Take
To add another perspective: Regina was the root to things happening the way they do. It's easy to put everyone who's mean in the tragic backstory arc. But in the meantime we excuse bullying. Was Janice doing the right thing? Hell no! But it doesn't exclude JANICE's trauma from Regina's behavior. Janice gets mad at Cady for completely ignoring them and lowering them to the same level Regina did. Of course they are pissed. And at least Janice  can admit she's mean - Regina never fully admits she's the problem and the root to the mean things happening. I had these types of bullys in my class who pretended to be my friends and mistreat me until I wasn't usefull to their means anymore. How many times didn't  I want to take revenge upon them like Janice? It still affects my self-worth til this day.,Mixed
"I think the main reason Janis is not as mean as Regina, is that Regina went out of her way to control and abuse as many people as she could... while Janis reacted aggressively each time she was attacked in some way. Regina controlled and demeaned her own friends, while Janis' friends were 100% in the loop the whole time. Cady could have noped out at any moment. (There were some moments of manipulation but nowhere near as extreme and damaging as those Regina exerted.) Regina gave fake compliments to random people, Janis never tried to bind with people superficially. Janis DID talk about what other people were doing, but she was discussing it with her tiny group of isolated friends, while Regina's extended friend group was a web covering the whole school. It's like, Regina (due to the troubled way she was raised) is lashing out in as many people as possible, Janis is giving calculated punches when punched. Of course she's not ""nice"", but she's not as mean as Regina.",Mixed
"Everyone is so quick to label Cady as an ""antagonist"" in this movie. Disregarding the fact that she came in with ZERO social skills and was completely manipulated from the beginning. She was just mimicking the behavior around her. In the end she was the only one to really own up to her behavior and even take full blame for things she didn't even do. She's not the ""mean girl"" and I will die on this hill.",Defense
"No, I disagree. Janis may have seemed a mean girl but she is not the chief antagonist. That is Regina. Janis is merely reacting to coercive control tactics enacted by Regina. Both of these girls are angry but out of the two it is Regina that is contemptuous towards Janis. Janis is angry because Janis has been hurt by Regina. Hence the reason she is bouncing off walls, acting out and seeming crazy. Regina is contemptuous, not just toward Janis, but to everyone around her. She sees people as beneath her. Thus she is the actual prime villain of the movie. She is the prime antagonist. She knows what she is doing, and that she is doing it for her own selfish reasons, to get something. It is a shame that coercive control is not discussed more in this video.",Mixed
"I don’t think anything Regina does is simply nice or (controversial!) mean. Everything is steeped in social strategy. On some level she knows Jason is being a skeeze and picking on the new girl, so she wants to defend her. She also sees it as an opportunity to embarrass him publicly- ostensibly for Gretchen. I do think Regina sees herself as a protector of women (as the audience we know she’s way too self involved for that) but I think she’d rather make a girl feel shitty then let a man do it. I disagree with Janis saying that her and Regina “know they’re mean,” Regina is such a layered and well-written villain because she fancies herself the hero.",Defense
"Unpopular take but I really think she was trying to be nice here. But it was a very calculated move on her part as well. Undoubtedly, it helped her reaffirm Gretchen’s loyalty and lets her cozy up to the pretty new girl and size up a potential threat. If that wasn’t true, I don’t doubt she would have left Cady hanging. It’s like those ‘influencers’ who film themselves giving the homeless money.",Mixed
"I feel like a lot of Regina’s good sides were clouded by her mean girl title. For example, she’s the one who welcomed Cady and invited her to become a part of their “Plastics” group. Sure, this group of friends was toxic in some ways but she welcomed the new kid nonetheless and made her a part of everything. She also always defended her friends: An example of that is when she called out Jason for treating Gretchen poorly or when she used her “mean girl” antics to make sure Jason didn’t go out with someone else because she knew it would hurt her friend.",Defense
What did Regina do that was so bad? Gossip? As if other teenage girls don’t. She didn’t want her new friend to date her ex-boyfriend? And you do? She chose the friends she wanted to hang out with? Who doesn’t?! She handed out compliments that she didn’t really mean? Where’s the harm as long as she helped raise someone’s mood or confidence?,Defense
"I dont know if im the only one that thinks about this but cady heron was always innocent, just very naive. She never socialized with people her age until she got to high school, probably not developing a personality of her own and quickly catching on other people’s personalities. People constantly used her and it was obvious she felt under pressure but at the end she was actually herself",Defense
"I agree! Everyone kinda used her. Even Janice asked her to spy for their own gain. I think in the end they did become real friends. Not socializing prior, she had no idea what was normal and I think she was naive and pressured.",Defense
"I don't like that the musical basically absolved Janis of any responsibility for what happened, but I think Cady made a lot of choices, all on her own, that can't really just be pinned on Janis or Regina's influence. I'd say Cady took a pretty reasonable amount of accountability at the end of the movie, relative to what she did.",Mixed
"She is a victim, but not a perfect one. What she did was still bad, and she was mature enough to recognize that.",Mixed
Regina invited her into her group to make fun of her. Then she found out Cady liked Aaron so she made shit up about her and took Aaron back just so she couldn’t have him. That’s why Cady took revenge.,Defense
Cady was a mean girl but from her perspective She's moved away from everything she's known to a new continent presumably the only American high school experience she's had has been in movies. She sees backstabbing in those and thinks it's normal. Then Janis comes up to her on her first day using Cady's naivety to get back at her bully. Not excusing Cady of all wrongdoing but she was used by both parties and was definitely a victim too.,Mixed
"Regina needed a taste of her own medicine and Cady was the perfect way to do it. Regina had no sense of empathy, of right or wrong. Also, technically, Janice and Damian were the ones messing with Regina and using Cady as a way to do it. I’m not saying Cady was innocent by any means, but she was manipulated at every turn because she had zero experience with peers her age. She had every right to shoot her hand up in the air like that, even with participating in the events.",Mixed
Yeah. She was an extremly vulnerable person who was manipulated by someone who didn't even care to use say her name correctly,Defense
"I love how Karen is easily the happiest of the plastics, and she's the only one who isn't putting on an act. She lacks Regina's Diva behaviour, Gretchen's insecurity, and Cady's willingness to sabotage the group. What she lacks in brains, she makes up for in heart. ",Defense
"Gretchen is such a sad and tragic character if you think about it. She’s really not that mean, and I don’t think she deserved the ending she got. She’s the only character that doesn’t “move forward”, or becomes any happier. She’s stuck in the same place probably getting the same treatment in this new clique that she got from Regina.",Defense
"I love that Regina gets a happy ending in this movie. In spite of her nastiness, she's still a vulnerable teenage girl, and she actually looks upset to discover that nobody genuinely appears to like her, but loathe and fear her.",Mixed
"Regina George might be portrayed as the villain but she doesn't do anything evil until she finds out Cady lied about those caltine bars and that was after being kicked out of her own clique. The worst thing she did prior to giving her burn book to the principal and printing out copies was cheat on Aaron Samuels, and that had nothing to do with Cady who only told him because he rejected her.",Defense
Janis was so wrong she literally used cadie to have a revenge. Cadie in the other hand took it a little bit too far but i can't blame her i mean SHE was UNDER BAD INFLUENCE,Mixed
"All characters were flawed and they’re all at least partially to blame for what happened, including Cady, who definitely made some terrible choices. But honestly, they were all just insecure teenage girls thrust into a ruthless social hierarchy that completely brought out the worst in them",Mixed
"Should Janis have pushed her to do it in the first place? No, but you can understand why she wanted revenge after how Regina traumatized her. Did Cady have to agree and do it? Also no, though she was incredibly naive and completely out of her depth with high school cliques. While everyone is ultimately at fault for their own decisions, they were all reacting to a really toxic environment.",Mixed
"Ugh it’s not fair that some of yall are saying that Janis is in the right here. Bc shes NOT. Her and Damien took a perfectly sweet and nice girl from frickin Africa with no social circles and turned her into what she is, and then they all act like they’re “so surprised” that Cady turned into a mean girl. Like no- just stop.",Mixed
"Cady was vulnerable and inexperienced when it came to social gatherings, especially w/ppl her age w/a DIFFERENT culture waaay different from what she was used to. It was her 1st time coming into the U.S. + joining a public school. Cady didn't seem to have THAT much attention, such as being popular in a school; she was probably an outcast in Africa for being the only (GINGER) white girl in there. I say Cady was manipulated after Georgina kissed her crush right before her eyes that's when Janis took advantage. Yes, Cady had a choice; she accepted cus it was in the heat of the moment. It's funny how Janis twists the plot on Cady roght after Cady throws it in her face about being used for an 8th grade ""revenge"" b/c some ppl can't never let go just leave the past in the past. This shows a clear example of how a tiny revenge could get out of hand, that is what the movie is all about and queen bees and wannabes, too. Everybody was at fault. Why?? Cus teens are a$$holes! ",Mixed
It’s Janice’s fault for making her be friends with plastics plus cady didn’t have experience with other teens like here so she just absorbed being a plastic so Janice shouldn’t be mad if she caused it,Defense
"It saddens me that Janis doesn’t ever apologize to Cady for what she did to her. Yeah, she admitted that she was mean and Cady didn’t have to agree to it, but Janis still took advantage of a heartbroken and vulnerable girl who had no concept of American culture or the culture of other teenagers who lived normal suburban lives. Cady was right in that Janis made her plastic, but Janis was also right in that Cady wasn’t really pretending anymore. She’d become what she sought to destroy and immediately was horrified and ashamed of herself. But that really is my only gripe with Mean Girls writing wise. Janis never apologizing to Cady for manipulating her and then blowing up about it without recognizing that she was partially at fault for Cady becoming a mean girl like Regina because Janis was also a bitch similar to her. They were friends in middle school for a reason, after all.
",Mixed
I've always felt bad for Cady because she was emotionally immature for her age and socially awkward. I was homeschooled party the time due to illness and my first year back people tried stuff like this to get me to do their dirty work. Every character was wrong for one thing or another but Cady was fully taken advantage of.,Mixed
It wasn’t all cady’s fault. She became someone she didn’t want to be to satisfy others and feel accepted around Janis and Regina.,Defense
"This is a great ending. I know its annoying that she admitted to something she didn't do, but it shows the theme of the movie and how responsibility is important. It makes me like Cady so much more. Also, it's heavily implied that most kids knew Regina was behind the burn book, so Norbury and Aaron knew Cady wasn't completely at fault.",Defense
"The thing is, everybody is upset over her taking the fault of writing the whole book, but she's actually being the most mature. She's not blaming anybody and is taking the blame for something that she was apart of",Defense
"My favorite part of Mean Girls is that Regina George gets a good ending. So many teen movies need to show the antagonist being punished, but these are just teenagers. They move on, learn, become better people. Regina George gets to move on and not forever be a mean girl.",Defense
"Shane’s kinda a real one in the sense he still liked and dated Regina when she thought she was “at her worst”, not ‘skinny’, not super fashionable, not flanked by her two minions, not ‘queen bee’",Defense
"The sad thing is that Cady doesn't have any friends. Janis made her spy on Regina, the only time Cady, Janis and Damian spent some time together was when they were planning how to get a revenge on Regina.Janis and Damian make fun of her interest (to join a mathematic club means that she would be a loser) and they are all hurt when Cady doesn't invite them to her party. Why would she even do that? By the way it was so stupid how Janis spent all four years by hating Regina, claiming that she destroyed Janis' life when in reality the only people who remember that Regina called Janis a lesbian are Janis, Damian and Regina.",Mixed
"I understand why Janis was mad at Cady for not going to the art show, and honestly, Cady was a terrible friend for ditching her to throw a party and impress a guy. But at the same time, Janis's massive rant was pretty hypocritical considering she essentially manipulated Cady into becoming plastic to mess up Regina in the first place. They were both toxic to each other.",Mixed
Look I don’t care if Janis is mean. She’s still iconic as shit and I wish she had more screen time. Maybe I’m just biased because I want a friend like her. Sarcastic and witty but is also their for her friends. I lover her in short and I’m not ashamed.,Defense
"People act like Janis only befriended Cady to get revenge on Regina but she was nice to Cady and wanted to be her friend before Regina got interested in Cady. But honestly she still totally used Cady as a pawn later on and was incredibly toxic and manipulative when Cady didn't do what she wanted, even if Janis is self aware about not being perfect and calls herself mean.",Mixed
i love this movie and i love janis bc her character is so interesting. it mirrors regina's in a really interesting way... i wanted to point out some bits in which she acts just as bad as regina. she's presented as an ally but is actually just using cady and her naivety to fight her battles. cady also calls her out on this later in the movie so it's not a complete secret it's just not always as blatant as it is with regina,Condemnation
"Janis was definitely toxic for starting the whole revenge plot and dragging Cady into it in the first place, but after a while, Cady went too far with Regina! Janis at least knew when to stop",Mixed
Literally hated Janis. She was so manipulative.,Condemnation
"I wasn’t hugely fond of Janis watching the film. I mean, I get why she wanted revenge so badly because Regina absolutely ruined her life in middle school and Janis was just hurting. But I still hated how she convinced Cady to pretend to be plastic so she could blend, spend as much time as she could with the plastics, but then hated Cady the moment it became habits that showed when hanging out with her. As Cady said, she’s the one that made her like that. And the way she called her name when she was told it was pronounced “Katy” really annoyed me",Mixed
Why did Janis get Cady to do her dirty work in the first place? Why not do it herself? Her or none of the other girls were really good friends for Cady as they were all terrible influences.,Condemnation
"16 years later I still can't stand the fact that Janis doesn't get any blame for the situation and the whole movie she is seen as ""the good girl"" even tho is completely true she used Cady for her petty revenge, wanted to hurt Regina and none of the drama would have happened if it wasn't for her. It just boils my blood when at the spring fling scene Cady just sucks up to her and Janis doesn't even apologize for anything.",Condemnation
"Guys... let's not forget Regina turned everyone against, spread rumors about, and bullied Janis until she was forced to drop out of school.... Janis's rage and grudge was reasonable.",Defense
It's so funny when I watched this movie when I was young I thought Regina was the bitch but when you get a little older and watch it you realize Janice is arguably just as bad as Regina just using Cady.,Condemnation
"i think the people who are commenting back to those saying ""janis is the one who started all of it so why is she attacking cady"" are right - the whole thing originally started as a small joke between janis and cady, to just prat about and mess with regina a LITTLE. i don't think at all that the whole thing is about janis wanting revenge on regina, she never states in the beginning ""this girl ruined my life, will you help me ruin hers?"" she DOES state something similar, but she never uses it as the reason for messing with her in the first place, it was just for laughs. janis never meant for it to go as far as it did - resulting in aaron breaking up with regina, their teacher being accused of drug dealing and basically just a load of shit happening. as janis says, she and regina know and ADMIT that they're mean - cady always plays the innocent girl, and she COULD have wanted it all to stop, she KNEW it was getting out of control but all the rep went to her head. she LIKED being the queen, and she wasn't about to lose it all even if people got hurt in the process. cady could have done something to stop it, she knew it was going too far, but chose not to. that's why janis is so pissed at her.
",Defense
"Without typing out a SUPER long paragraph, I'm gonna try to keep it simple.  Both Cady and Janis are in the wrong, yet both are right.  And do remember that in the middle of the conflict things start to stir up, so not likely is ANYONE fully right, because that the end of the movie where they all get up for confessions and do a trust fall, Janis confesses her whole plan of revenge on Regina by using Cady.",Mixed
